-- phpMyAdmin SQL Dump
-- version 5.2.2
-- https://www.phpmyadmin.net/
--
-- Host: localhost:3306
-- Generation Time: Oct 30, 2025 at 02:34 AM
-- Server version: 8.0.30
-- PHP Version: 8.1.10

SET SQL_MODE = "NO_AUTO_VALUE_ON_ZERO";
START TRANSACTION;
SET time_zone = "+00:00";


/*!40101 SET @OLD_CHARACTER_SET_CLIENT=@@CHARACTER_SET_CLIENT */;
/*!40101 SET @OLD_CHARACTER_SET_RESULTS=@@CHARACTER_SET_RESULTS */;
/*!40101 SET @OLD_COLLATION_CONNECTION=@@COLLATION_CONNECTION */;
/*!40101 SET NAMES utf8mb4 */;

--
-- Database: `voty`
--

-- --------------------------------------------------------

--
-- Table structure for table `candidates`
--

CREATE TABLE `candidates` (
  `id` int NOT NULL,
  `name` varchar(255) NOT NULL,
  `ar_name` varchar(255) NOT NULL,
  `photo_path` varchar(512) DEFAULT NULL,
  `fr_description` text CHARACTER SET utf8mb4 COLLATE utf8mb4_0900_ai_ci NOT NULL,
  `en_description` text NOT NULL,
  `ar_description` text NOT NULL,
  `nominated_at` date DEFAULT NULL,
  `Supporting_party` varchar(255) NOT NULL,
  `path_supporting_party_logo` varchar(520) NOT NULL,
  `id_position` int DEFAULT NULL,
  `created_by` int DEFAULT NULL,
  `created_at` timestamp NULL DEFAULT CURRENT_TIMESTAMP
) ENGINE=InnoDB DEFAULT CHARSET=utf8mb4 COLLATE=utf8mb4_0900_ai_ci;

--
-- Dumping data for table `candidates`
--

INSERT INTO `candidates` (`id`, `name`, `ar_name`, `photo_path`, `fr_description`, `en_description`, `ar_description`, `nominated_at`, `Supporting_party`, `path_supporting_party_logo`, `id_position`, `created_by`, `created_at`) VALUES
(19, 'Ahmed', 'أحمد', 'assets\\images\\candidates\\Ahmed_68faa510007bf_1761256720.png', 'I am a second-year student at SupNum, specializing in computer science and digital technologies. Passionate about software development, web technologies, and innovation, I am constantly looking to improve my technical and problem-solving skills through real-world projects and hackathons. I enjoy working in teams, exploring new technologies, and developing creative solutions that make a positive impact.', 'I am a second-year student at SupNum, specializing in computer science and digital technologies. Passionate about software development, web technologies, and innovation, I am constantly looking to improve my technical and problem-solving skills through real-world projects and hackathons. I enjoy working in teams, exploring new technologies, and developing creative solutions that make a positive impact.', 'أنا طالب في السنة الثانية في SupNum، أختص في علوم الحاسوب والتقنيات الرقمية. شغوف بتطوير البرمجيات والتقنيات الحديثة والابتكار، وأسعى باستمرار إلى تنمية مهاراتي التقنية والتحليلية من خلال المشاريع العملية والمشاركة في الهاكاثونات. أحب العمل الجماعي، واستكشاف التقنيات الجديدة، وتطوير حلول إبداعية تسهم في تحسين الواقع الرقمي.', '2025-10-23', 'UNEM', 'assets\\images\\supportings\\Ahmed_68faa51001d1b_1761256720.jpg', 30, NULL, '2025-10-27 08:01:56'),
(21, 'jack', 'تلتبيس', 'assets/images/candidates/profile/candidate-placeholder.png', 'boon', 'goood', 'تبنيتش', NULL, 'Ungem', 'assets/images/candidates/party/party-placeholder.jpg', 28, 2, '2025-10-27 19:37:57'),
(22, 'kaber', 'بتين', 'assets/images/candidates/profile/candidate-placeholder.png', 'jdkfj', 'fjdklj', ' jfkdj ', NULL, 'Undke', 'assets/images/candidates/party/party-placeholder.jpg', 28, 2, '2025-10-27 19:38:26'),
(23, 'fatass', 'تبين', 'assets/images/candidates/profile/candidate-placeholder.png', 'bon et male', 'good and bad', 'بتميسن', NULL, 'U ke', 'assets/images/candidates/party/party-placeholder.jpg', 29, 2, '2025-10-27 19:39:40'),
(24, 'micheal', 'تبيسمت', 'assets/images/candidates/profile/candidate-placeholder.png', 'jklj', 'fjdksjl', 'بتيم', NULL, 'fdj', 'assets/images/candidates/party/party-placeholder.jpg', 29, 2, '2025-10-27 19:40:12'),
(25, 'jackson', 'تبينتش', 'assets/images/candidates/profile/candidate-placeholder.png', 'jfdlaj', 'jdkfj', 'تيمنتب', NULL, 'jfdls', 'assets/images/candidates/party/party-placeholder.jpg', 29, 2, '2025-10-27 19:40:46'),
(26, 'fjdk', 'تبيم', 'assets/images/candidates/profile/candidate-placeholder.png', 'jkfld', 'jfdkls', 'بتينم', NULL, 'jfdlk', 'assets/images/candidates/party/party-placeholder.jpg', 30, 2, '2025-10-27 19:41:41'),
(27, 'kaber', 'نائب الرئيس', 'assets/images/candidates/profile/candidate-placeholder.png', 'dfghjkl;kjhgfdsfghjkl;kjhtrertfhyukl;lkjhgfhjkl', 'dfghjkl;kjhgfdsfghjkl;kjhtrertfhyukl;lkjhgfhjkl', 'dfghjkl;kjhgfdsfghjkl;kjhtrertfhyukl;lkjhgfhjkl', NULL, 'Undke', 'assets/images/candidates/party/party-placeholder.jpg', 28, NULL, '2025-10-29 16:50:22');

-- --------------------------------------------------------

--
-- Table structure for table `election`
--

CREATE TABLE `election` (
  `id` int NOT NULL,
  `en_organizer` varchar(255) CHARACTER SET utf8mb4 COLLATE utf8mb4_0900_ai_ci NOT NULL,
  `fr_organizer` varchar(255) NOT NULL,
  `ar_organizer` varchar(255) NOT NULL,
  `election_type` varchar(100) DEFAULT NULL,
  `year` year NOT NULL,
  `start_date` date DEFAULT NULL,
  `end_date` date DEFAULT NULL,
  `results` enum('publish','nopublish') CHARACTER SET utf8mb4 COLLATE utf8mb4_0900_ai_ci NOT NULL DEFAULT 'nopublish',
  `status` tinyint(1) NOT NULL DEFAULT '1',
  `created_by` int DEFAULT NULL,
  `created_at` timestamp NULL DEFAULT CURRENT_TIMESTAMP
) ENGINE=InnoDB DEFAULT CHARSET=utf8mb4 COLLATE=utf8mb4_0900_ai_ci;

--
-- Dumping data for table `election`
--

INSERT INTO `election` (`id`, `en_organizer`, `fr_organizer`, `ar_organizer`, `election_type`, `year`, `start_date`, `end_date`, `results`, `status`, `created_by`, `created_at`) VALUES
(15, 'SupNum', 'SupNum', 'SupNum', 'municipal', '2025', '2025-10-24', '2025-10-30', 'publish', 1, NULL, '2025-10-27 08:15:33'),
(17, 'dfghjk', 'jack', 'jfl', 'university', '2025', '2025-12-20', '2026-12-30', 'nopublish', 1, NULL, '2025-10-27 08:15:33'),
(22, 'jfkdlj', 'jkdlj', 'ابيتا', 'university', '2025', '2000-12-12', '2054-12-12', 'publish', 1, 1, '2025-10-27 14:17:53'),
(23, 'jflj', 'fjdkl', 'تبنيست', 'municipal', '2002', '2000-12-12', '2028-02-02', 'nopublish', 1, 1, '2025-10-27 15:12:56'),
(24, 'jflj', 'fjdkl', 'تبنيست', 'municipal', '2002', '2000-12-12', '2028-02-02', 'nopublish', 1, 1, '2025-10-27 15:13:00'),
(25, 'fdjkla', 'dfjklaj', 'تبيست j', 'governmental', '2004', '2000-12-12', '2025-12-12', 'nopublish', 1, 1, '2025-10-27 15:18:22');

-- --------------------------------------------------------

--
-- Table structure for table `election_admins`
--

CREATE TABLE `election_admins` (
  `id` int NOT NULL,
  `admin_user_id` int NOT NULL,
  `election_id` int NOT NULL,
  `assigned_at` timestamp NOT NULL DEFAULT CURRENT_TIMESTAMP
) ENGINE=InnoDB DEFAULT CHARSET=utf8mb4 COLLATE=utf8mb4_0900_ai_ci;

--
-- Dumping data for table `election_admins`
--

INSERT INTO `election_admins` (`id`, `admin_user_id`, `election_id`, `assigned_at`) VALUES
(34, 2, 24, '2025-10-27 15:52:00'),
(36, 2, 22, '2025-10-27 15:52:13'),
(37, 2, 17, '2025-10-27 15:52:19'),
(42, 2, 15, '2025-10-27 17:01:57'),
(44, 2, 23, '2025-10-27 19:23:46'),
(45, 5, 25, '2025-10-28 18:28:15');

-- --------------------------------------------------------

--
-- Table structure for table `position`
--

CREATE TABLE `position` (
  `id` int NOT NULL,
  `fr_name` varchar(255) CHARACTER SET utf8mb4 COLLATE utf8mb4_0900_ai_ci NOT NULL,
  `en_name` varchar(255) NOT NULL,
  `ar_name` varchar(255) NOT NULL,
  `status` tinyint(1) NOT NULL DEFAULT '1',
  `id_election` int DEFAULT NULL,
  `created_by` int DEFAULT NULL,
  `created_at` timestamp NULL DEFAULT CURRENT_TIMESTAMP
) ENGINE=InnoDB DEFAULT CHARSET=utf8mb4 COLLATE=utf8mb4_0900_ai_ci;

--
-- Dumping data for table `position`
--

INSERT INTO `position` (`id`, `fr_name`, `en_name`, `ar_name`, `status`, `id_election`, `created_by`, `created_at`) VALUES
(17, 'Président', 'President', 'الرئيس', 1, NULL, NULL, '2025-10-27 08:15:33'),
(18, 'Vice-Président', 'Vice President', 'نائب الرئيس', 1, NULL, NULL, '2025-10-27 08:15:33'),
(19, 'Secrétaire général', 'General Secretary', 'الكاتب العام', 1, NULL, NULL, '2025-10-27 08:15:33'),
(24, 'Nigger', 'Nigga', 'تبتسيم', 1, NULL, 1, '2025-10-27 15:20:00'),
(25, 'Président', 'President', 'الرئيس', 1, 25, 1, '2025-10-27 15:51:54'),
(26, 'Président', 'President', 'الرئيس', 1, 24, 1, '2025-10-27 15:52:00'),
(27, 'Secrétaire général', 'General Secretary', 'الكاتب العام', 1, 23, 1, '2025-10-27 15:52:07'),
(28, 'Vice-Président', 'Vice President', 'نائب الرئيس', 1, 22, 1, '2025-10-27 15:52:13'),
(29, 'Président', 'President', 'الرئيس', 1, 17, 1, '2025-10-27 15:52:19'),
(30, 'Président', 'President', 'الرئيس', 1, 15, 1, '2025-10-27 15:52:28'),
(33, 'rabit', 'fuckass', 'تنتبي', 1, NULL, 1, '2025-10-27 16:04:40'),
(34, 'gfhjkl', 'fghjkl', 'fghjk', 1, 25, 5, '2025-10-30 02:10:13'),
(35, 'ghjk', 'ghjkfghjk', 'fghj', 1, 25, 5, '2025-10-30 02:11:48'),
(38, 'dfghjk', 'er1ert1hj', 'tyui', 1, 25, 5, '2025-10-30 02:13:52'),
(39, 'dfghjk', 'dsfghj', 'ghjk', 1, 25, 5, '2025-10-30 02:14:22'),
(41, 'fghjkltyuky', 'hjkjhk', 'ghjkhgfyguhjlhgfj', 1, 25, 5, '2025-10-30 02:17:54'),
(42, 'dfghjdfgh', 'dfghjk', 'ghjkhgf', 1, 25, 5, '2025-10-30 02:20:23');

-- --------------------------------------------------------

--
-- Table structure for table `users`
--

CREATE TABLE `users` (
  `id` int NOT NULL,
  `user_id_hmac` varchar(64) CHARACTER SET utf8mb4 COLLATE utf8mb4_0900_ai_ci NOT NULL,
  `username` varchar(255) CHARACTER SET utf8mb4 COLLATE utf8mb4_0900_ai_ci DEFAULT NULL,
  `nationality_hmac` varchar(64) CHARACTER SET utf8mb4 COLLATE utf8mb4_0900_ai_ci NOT NULL,
  `email_encrypted` varchar(512) CHARACTER SET utf8mb4 COLLATE utf8mb4_0900_ai_ci DEFAULT NULL,
  `role` varchar(255) CHARACTER SET utf8mb4 COLLATE utf8mb4_0900_ai_ci DEFAULT 'user',
  `password_hash` varchar(255) DEFAULT NULL,
  `created_at` timestamp NULL DEFAULT CURRENT_TIMESTAMP
) ENGINE=InnoDB DEFAULT CHARSET=utf8mb4 COLLATE=utf8mb4_0900_ai_ci;

--
-- Dumping data for table `users`
--

INSERT INTO `users` (`id`, `user_id_hmac`, `username`, `nationality_hmac`, `email_encrypted`, `role`, `password_hash`, `created_at`) VALUES
(1, '6P0tcPVynCO8AMTLWkPn+jqP8wFuaFJUquPPHKICqCM=', 'Kaber Sidi', '4OwI6ALr0zOtLdUPP0hnUyJ9s0NlH8/BCvGcZkaUcgw=', NULL, 'super_admin', '$2y$10$DDPXzcf0fHCM2.bw1rs6ruoBz3Qw0bmmSmWfMvPOEtYXkRqoS3PiC', '2025-10-09 20:11:43'),
(2, 'AcYqkgbFqszGYv7Sx1QfpI/7U9Pc1KFByDCU86gx4x0=', NULL, '4OwI6ALr0zOtLdUPP0hnUyJ9s0NlH8/BCvGcZkaUcgw=', NULL, 'user', '$2y$10$S01d.vIaX.mp16C4G2MsV.Z/SBb7dcBPbChyga2TiwRCXRx29q92e', '2025-10-09 20:11:44'),
(3, 'F7nxTRhdnCmbxlw1SVh0mFEvMrmBZ8WVYHMUTwAXQl0=', NULL, '4OwI6ALr0zOtLdUPP0hnUyJ9s0NlH8/BCvGcZkaUcgw=', NULL, 'user', NULL, '2025-10-09 20:11:44'),
(4, '7Ta5LD9Y8NPlE2/z+kOQzR7JYQX7AiwZ5yi8zSf+nYA=', 'Zein El abidine', '4OwI6ALr0zOtLdUPP0hnUyJ9s0NlH8/BCvGcZkaUcgw=', NULL, 'super_admin', '$2y$10$9WXiTQx9DFjL78OqNW.sN.lYcuwVy4Ab8eJ/GAl9Ps3zD.fhxyyDa', '2025-10-09 20:11:44'),
(5, '2nQiqlJzFg5VBPKwHXbuTc+RlRSnoZ0hyHg684OlZl0=', 'Zein El abidine Admin', '4OwI6ALr0zOtLdUPP0hnUyJ9s0NlH8/BCvGcZkaUcgw=', NULL, 'admin', '$2y$10$k6DrfbhOHbLyToqY2Isbs.ccqlQzo1wA9h704xy0XUAUVRj82ELXa', '2025-10-09 20:11:44'),
(6, 'dr6jw2UmHLK2mcPYZoM6P6+jVIX97D3SXz3q2Oli2UQ=', NULL, '4OwI6ALr0zOtLdUPP0hnUyJ9s0NlH8/BCvGcZkaUcgw=', NULL, 'user', '$2y$10$k1SzIVmdkrKp4qXHHE6j2eqqu88Ff5cCymgmcma/Q3wF6Uq4uGpdW', '2025-10-09 20:11:44'),
(7, 'vko0rlEooCTEMzE1AykWTRLzI1IWKXW6+LRqojM1PG8=', NULL, '4OwI6ALr0zOtLdUPP0hnUyJ9s0NlH8/BCvGcZkaUcgw=', NULL, 'user', NULL, '2025-10-09 20:11:44'),
(8, 'erFjToDlo6CBDjwpnPlMohrDByip5E4e53FBIHpmSCA=', NULL, '4OwI6ALr0zOtLdUPP0hnUyJ9s0NlH8/BCvGcZkaUcgw=', NULL, 'user', NULL, '2025-10-09 20:11:44'),
(9, 'AwZe0UZp/3yHdpd9Dthb/n8xxUA3hc9AgKlhp56b5LE=', NULL, '4OwI6ALr0zOtLdUPP0hnUyJ9s0NlH8/BCvGcZkaUcgw=', NULL, 'user', NULL, '2025-10-09 20:11:44'),
(10, 'LND3xaNN/F7+3wftJmjEHP8zB1/7TM0opnqpeuDPCQ8=', NULL, '4OwI6ALr0zOtLdUPP0hnUyJ9s0NlH8/BCvGcZkaUcgw=', NULL, 'user', NULL, '2025-10-09 20:11:44'),
(22, 'yx2I3UuuaRYsDz0jgXL9XCJqM8FoyRpLW3NMiwEF6JE=', NULL, '4OwI6ALr0zOtLdUPP0hnUyJ9s0NlH8/BCvGcZkaUcgw=', NULL, 'user', '$2y$10$tpf3kdQRuTZzZI4W6hWPZOCEpgYXfegg6icSIMG/N5ARXTp4g.MFm', '2025-10-29 22:52:36'),
(23, 'lpxD1+TTLCK5cz4MmYbPfLoo93sWDDGcEPf2HWF7xL0=', NULL, '4OwI6ALr0zOtLdUPP0hnUyJ9s0NlH8/BCvGcZkaUcgw=', NULL, 'user', NULL, '2025-10-29 22:52:36');

-- --------------------------------------------------------

--
-- Table structure for table `users_election`
--

CREATE TABLE `users_election` (
  `id` int NOT NULL,
  `user_id_hmac` varchar(64) DEFAULT NULL,
  `id_election` int DEFAULT NULL
) ENGINE=InnoDB DEFAULT CHARSET=utf8mb4 COLLATE=utf8mb4_0900_ai_ci;

--
-- Dumping data for table `users_election`
--

INSERT INTO `users_election` (`id`, `user_id_hmac`, `id_election`) VALUES
(1, 'yx2I3UuuaRYsDz0jgXL9XCJqM8FoyRpLW3NMiwEF6JE=', 25),
(2, 'yx2I3UuuaRYsDz0jgXL9XCJqM8FoyRpLW3NMiwEF6JE=', 25);

--
-- Indexes for dumped tables
--

--
-- Indexes for table `candidates`
--
ALTER TABLE `candidates`
  ADD PRIMARY KEY (`id`),
  ADD KEY `id_position` (`id_position`),
  ADD KEY `fk_candidates_creator` (`created_by`);

--
-- Indexes for table `election`
--
ALTER TABLE `election`
  ADD PRIMARY KEY (`id`),
  ADD KEY `fk_election_creator` (`created_by`);

--
-- Indexes for table `election_admins`
--
ALTER TABLE `election_admins`
  ADD PRIMARY KEY (`id`),
  ADD UNIQUE KEY `ux_admin_election` (`admin_user_id`,`election_id`),
  ADD KEY `fk_ea_election` (`election_id`);

--
-- Indexes for table `position`
--
ALTER TABLE `position`
  ADD PRIMARY KEY (`id`),
  ADD UNIQUE KEY `ux_position_election_name` (`id_election`,`en_name`),
  ADD KEY `fk_Position_Election` (`id_election`),
  ADD KEY `fk_position_creator` (`created_by`);

--
-- Indexes for table `users`
--
ALTER TABLE `users`
  ADD PRIMARY KEY (`id`),
  ADD UNIQUE KEY `user_id` (`user_id_hmac`),
  ADD KEY `idx_user_id` (`user_id_hmac`);

--
-- Indexes for table `users_election`
--
ALTER TABLE `users_election`
  ADD PRIMARY KEY (`id`),
  ADD KEY `user_id_hmac` (`user_id_hmac`),
  ADD KEY `id_election` (`id_election`);

--
-- AUTO_INCREMENT for dumped tables
--

--
-- AUTO_INCREMENT for table `candidates`
--
ALTER TABLE `candidates`
  MODIFY `id` int NOT NULL AUTO_INCREMENT, AUTO_INCREMENT=28;

--
-- AUTO_INCREMENT for table `election`
--
ALTER TABLE `election`
  MODIFY `id` int NOT NULL AUTO_INCREMENT, AUTO_INCREMENT=26;

--
-- AUTO_INCREMENT for table `election_admins`
--
ALTER TABLE `election_admins`
  MODIFY `id` int NOT NULL AUTO_INCREMENT, AUTO_INCREMENT=46;

--
-- AUTO_INCREMENT for table `position`
--
ALTER TABLE `position`
  MODIFY `id` int NOT NULL AUTO_INCREMENT, AUTO_INCREMENT=43;

--
-- AUTO_INCREMENT for table `users`
--
ALTER TABLE `users`
  MODIFY `id` int NOT NULL AUTO_INCREMENT, AUTO_INCREMENT=31;

--
-- AUTO_INCREMENT for table `users_election`
--
ALTER TABLE `users_election`
  MODIFY `id` int NOT NULL AUTO_INCREMENT, AUTO_INCREMENT=5;

--
-- Constraints for dumped tables
--

--
-- Constraints for table `candidates`
--
ALTER TABLE `candidates`
  ADD CONSTRAINT `candidates_ibfk_1` FOREIGN KEY (`id_position`) REFERENCES `position` (`id`),
  ADD CONSTRAINT `fk_candidates_creator` FOREIGN KEY (`created_by`) REFERENCES `users` (`id`) ON DELETE SET NULL;

--
-- Constraints for table `election`
--
ALTER TABLE `election`
  ADD CONSTRAINT `fk_election_creator` FOREIGN KEY (`created_by`) REFERENCES `users` (`id`) ON DELETE SET NULL;

--
-- Constraints for table `election_admins`
--
ALTER TABLE `election_admins`
  ADD CONSTRAINT `fk_ea_election` FOREIGN KEY (`election_id`) REFERENCES `election` (`id`) ON DELETE CASCADE,
  ADD CONSTRAINT `fk_ea_user` FOREIGN KEY (`admin_user_id`) REFERENCES `users` (`id`) ON DELETE CASCADE;

--
-- Constraints for table `position`
--
ALTER TABLE `position`
  ADD CONSTRAINT `fk_position_creator` FOREIGN KEY (`created_by`) REFERENCES `users` (`id`) ON DELETE SET NULL,
  ADD CONSTRAINT `fk_Position_Election` FOREIGN KEY (`id_election`) REFERENCES `election` (`id`) ON DELETE CASCADE ON UPDATE CASCADE;
COMMIT;

/*!40101 SET CHARACTER_SET_CLIENT=@OLD_CHARACTER_SET_CLIENT */;
/*!40101 SET CHARACTER_SET_RESULTS=@OLD_CHARACTER_SET_RESULTS */;
/*!40101 SET COLLATION_CONNECTION=@OLD_COLLATION_CONNECTION */;
